City_ID,City,Lat,Lng,Max Temp,Humidity,Cloudiness,Wind Speed,Country,Date
0,Dubrovytsya,51.5744,26.565,37.99,87,100,7.63,UA,2022-04-09 21:31:53
1,Barcelos,41.5388,-8.6151,57.85,96,9,3.83,PT,2022-04-09 21:28:35
2,Alenquer,-1.9417,-54.7383,77.95,89,96,1.88,BR,2022-04-09 21:31:54
3,Saint-Philippe,-21.3585,55.7679,78.22,84,43,11.05,RE,2022-04-09 21:31:54
4,Bubaque,11.2833,-15.8333,76.46,74,22,18.88,GW,2022-04-09 21:31:55
5,Jamestown,42.097,-79.2353,38.52,46,100,13.8,US,2022-04-09 21:28:29
6,Castro,-24.7911,-50.0119,70.41,73,91,3.2,BR,2022-04-09 21:31:55
7,Suwannaphum,15.6035,103.8021,70.86,49,99,6.38,TH,2022-04-09 21:31:56
8,Porto Uniao,-26.2381,-51.0783,62.92,75,0,2.8,BR,2022-04-09 21:31:56
9,Leningradskiy,69.3833,178.4167,-9.85,85,27,4.03,RU,2022-04-09 21:31:56
10,Villanueva De La Serena,38.9766,-5.7974,53.62,92,98,3.83,ES,2022-04-09 21:31:57
11,Hami,42.8,93.45,58.12,15,99,13.8,CN,2022-04-09 21:31:57
12,Albany,42.6001,-73.9662,50.41,68,97,1.01,US,2022-04-09 21:28:11
13,Busselton,-33.65,115.3333,60.49,66,62,12.12,AU,2022-04-09 21:31:58
14,Ushuaia,-54.8,-68.3,49.66,62,20,0.0,AR,2022-04-09 21:31:05
15,Hobart,-42.8794,147.3294,62.46,85,40,8.05,AU,2022-04-09 21:31:58
16,Ust-Nera,64.5667,143.2,-2.0,93,97,9.6,RU,2022-04-09 21:31:59
17,Arang,21.2,81.9667,82.51,30,93,6.49,IN,2022-04-09 21:31:59
18,Kawalu,-7.3817,108.2082,70.36,91,87,2.17,ID,2022-04-09 21:31:59
19,Port Alfred,-33.5906,26.891,62.19,95,100,5.01,ZA,2022-04-09 21:32:00
20,Samana,19.2056,-69.3369,82.62,78,40,9.22,DO,2022-04-09 21:32:00
21,Tabaquite,10.3833,-61.3,85.19,75,65,8.23,TT,2022-04-09 21:32:01
22,Mogok,22.9167,96.5,63.82,61,8,1.63,MM,2022-04-09 21:32:01
23,Mataura,-46.1927,168.8643,53.53,67,41,3.58,NZ,2022-04-09 21:32:01
24,Agadez,19.75,10.25,85.57,6,0,7.09,NE,2022-04-09 21:32:02
25,Sao Filipe,14.8961,-24.4956,74.25,70,46,11.03,CV,2022-04-09 21:32:02
26,Mulanje,-16.0316,35.5,65.3,97,20,3.89,MW,2022-04-09 21:32:02
27,Davenda,53.5556,119.317,26.44,85,100,10.47,RU,2022-04-09 21:32:03
28,Clyde River,70.4692,-68.5914,3.43,85,100,2.3,CA,2022-04-09 21:32:03
29,Arraial Do Cabo,-22.9661,-42.0278,76.96,94,0,9.22,BR,2022-04-09 21:32:04
30,Port Hardy,50.6996,-127.4199,39.2,87,100,9.22,CA,2022-04-09 21:32:04
31,Scunthorpe,53.579,-0.6544,43.09,82,85,1.01,GB,2022-04-09 21:32:04
32,Lavrentiya,65.5833,-171.0,19.18,91,96,5.53,RU,2022-04-09 21:32:05
33,Bredasdorp,-34.5322,20.0403,62.58,84,44,17.65,ZA,2022-04-09 21:32:05
34,Fria,10.4167,-13.5833,78.22,76,31,3.2,GN,2022-04-09 21:32:05
35,Hovd,48.0056,91.6419,28.33,58,52,8.32,MN,2022-04-09 21:32:06
36,Rome,34.257,-85.1647,58.26,37,40,14.97,US,2022-04-09 21:27:11
37,Franca,-20.5386,-47.4008,69.39,84,61,1.54,BR,2022-04-09 21:28:43
38,Bluff,-46.6,168.3333,57.49,74,45,22.59,NZ,2022-04-09 21:32:07
39,Lompoc,34.6391,-120.4579,78.69,60,0,28.99,US,2022-04-09 21:31:35
40,Hilo,19.7297,-155.09,78.12,84,100,8.01,US,2022-04-09 21:32:07
41,Cherskiy,68.75,161.3,-9.31,95,79,1.57,RU,2022-04-09 21:32:08
42,Chuy,-33.6971,-53.4616,67.68,81,33,10.42,UY,2022-04-09 21:32:08
43,Ewo,-0.8725,14.8206,74.12,87,91,7.54,CG,2022-04-09 21:32:08
44,Kloulklubed,7.0419,134.2556,77.5,81,100,20.27,PW,2022-04-09 21:32:09
45,Hakui,36.8833,136.7833,59.14,58,0,3.49,JP,2022-04-09 21:33:09
46,Mnogovershinnyy,53.9353,139.9242,19.06,80,84,0.63,RU,2022-04-09 21:33:09
47,Colquechaca,-18.6667,-66.0167,38.86,73,98,4.72,BO,2022-04-09 21:33:10
48,Talnakh,69.4865,88.3972,-7.8,99,100,2.95,RU,2022-04-09 21:33:10
49,Nanortalik,60.1432,-45.2371,30.15,81,6,1.59,GL,2022-04-09 21:33:11
50,Kalmunai,7.4167,81.8167,77.58,86,97,6.51,LK,2022-04-09 21:33:11
51,Punta Arenas,-53.15,-70.9167,51.91,66,75,12.66,CL,2022-04-09 21:30:13
52,Henties Bay,-22.116,14.2845,61.0,79,0,6.76,NA,2022-04-09 21:33:12
53,East London,-33.0153,27.9116,64.44,93,100,12.35,ZA,2022-04-09 21:30:13
54,Rikitea,-23.1203,-134.9692,79.23,72,11,18.19,PF,2022-04-09 21:33:12
55,Shakawe,-18.3667,21.85,69.69,69,23,6.29,BW,2022-04-09 21:33:13
56,Leshukonskoye,64.8989,45.7622,35.38,96,96,3.6,RU,2022-04-09 21:33:13
57,Avarua,-21.2078,-159.775,84.25,79,40,6.91,CK,2022-04-09 21:33:13
58,Codrington,-38.2667,141.9667,64.38,74,90,12.77,AU,2022-04-09 21:33:14
59,Anadyr,64.75,177.4833,27.1,80,40,15.66,RU,2022-04-09 21:33:14
60,Teknaf,20.8624,92.3058,75.74,89,3,1.01,BD,2022-04-09 21:33:15
61,Silale,55.4906,22.1814,36.5,74,17,14.0,LT,2022-04-09 21:33:15
62,The Valley,18.217,-63.0578,82.26,65,20,17.27,AI,2022-04-09 21:33:15
63,Kodiak,57.79,-152.4072,36.91,32,0,12.66,US,2022-04-09 21:33:16
64,Kushmurun,52.4503,64.6311,40.23,74,100,13.04,KZ,2022-04-09 21:33:16
65,Kapaa,22.0752,-159.319,80.58,75,40,10.36,US,2022-04-09 21:33:17
66,Longyearbyen,78.2186,15.6401,19.24,68,20,14.97,SJ,2022-04-09 21:33:17
67,Karratha,-20.7377,116.8463,79.79,43,10,11.1,AU,2022-04-09 21:33:17
68,San Cristobal,7.7669,-72.225,82.58,46,52,4.85,VE,2022-04-09 21:33:18
69,Hermanus,-34.4187,19.2345,61.81,80,10,20.56,ZA,2022-04-09 21:33:18
70,Husavik,66.0449,-17.3389,23.18,83,98,5.91,IS,2022-04-09 21:33:19
71,Coahuayana,18.7333,-103.6833,88.45,44,29,8.28,MX,2022-04-09 21:33:20
72,Luba,3.4568,8.5547,80.55,81,100,1.16,GQ,2022-04-09 21:33:20
73,Vanavara,60.34,102.2797,17.89,97,99,3.0,RU,2022-04-09 21:33:21
74,Sinazongwe,-17.2614,27.4618,73.6,75,100,6.26,ZM,2022-04-09 21:33:22
75,Dikson,73.5069,80.5464,6.12,98,99,3.4,RU,2022-04-09 21:33:23
76,Pella,59.7775,30.8181,38.03,96,100,5.32,RU,2022-04-09 21:33:24
77,Puerto Ayora,-0.7393,-90.3518,84.16,72,94,7.05,EC,2022-04-09 21:33:24
78,Krasnovishersk,60.4078,57.082,33.3,98,100,4.16,RU,2022-04-09 21:33:25
79,Palasa,18.7667,84.4167,77.61,93,77,10.02,IN,2022-04-09 21:30:48
80,Marrakesh,31.6315,-8.0083,75.27,33,0,5.75,MA,2022-04-09 21:30:00
81,Ribeira Grande,38.5167,-28.7,56.61,68,35,37.49,PT,2022-04-09 21:33:26
82,Torbay,47.6666,-52.7314,33.76,95,100,24.16,CA,2022-04-09 21:33:26
83,Le Pont-De-Claix,45.1244,5.7064,39.61,89,7,4.21,FR,2022-04-09 21:33:27
84,Atuona,-9.8,-139.0333,79.25,80,15,21.92,PF,2022-04-09 21:33:27
85,Iquique,-20.2208,-70.1431,66.24,75,12,10.0,CL,2022-04-09 21:31:58
86,Santa Fe,-31.6333,-60.7,83.01,59,0,4.0,AR,2022-04-09 21:28:48
87,Saskylakh,71.9167,114.0833,-16.89,98,27,1.07,RU,2022-04-09 21:33:28
88,Khor,47.8861,134.9464,33.85,83,97,7.27,RU,2022-04-09 21:33:28
89,Vanimo,-2.6741,141.3028,77.77,90,97,4.7,PG,2022-04-09 21:33:29
90,Svetlaya,46.5389,138.3297,34.23,82,76,2.51,RU,2022-04-09 21:33:29
91,Canutama,-6.5339,-64.3831,76.24,96,89,3.78,BR,2022-04-09 21:34:30
92,Deputatskiy,69.3,139.9,-12.37,98,90,1.23,RU,2022-04-09 21:34:30
93,Laguna,38.421,-121.4238,78.12,14,0,24.16,US,2022-04-09 21:32:12
94,Mbandaka,0.0487,18.2603,75.2,76,88,3.0,CD,2022-04-09 21:34:31
95,Guarapari,-20.6667,-40.4975,80.89,88,100,6.64,BR,2022-04-09 21:34:31
96,Pacific Grove,36.6177,-121.9166,75.02,66,0,11.5,US,2022-04-09 21:34:31
97,Havelock,34.8791,-76.9013,60.75,40,75,14.97,US,2022-04-09 21:34:32
98,Yellowknife,62.456,-114.3525,28.42,65,75,23.02,CA,2022-04-09 21:34:33
99,Avera,33.194,-82.5271,56.37,43,100,14.18,US,2022-04-09 21:34:34
100,Tyukhtet,56.5389,89.3011,30.79,97,100,9.89,RU,2022-04-09 21:34:34
101,Mar Del Plata,-38.0023,-57.5575,67.08,95,100,17.0,AR,2022-04-09 21:30:03
102,New Norfolk,-42.7826,147.0587,62.1,71,88,1.99,AU,2022-04-09 21:34:35
103,Siva,29.2041,25.5195,72.77,22,98,7.31,EG,2022-04-09 21:34:36
104,Lebu,-37.6167,-73.65,54.48,83,89,0.2,CL,2022-04-09 21:34:37
105,Mahebourg,-20.4081,57.7,77.29,88,40,8.05,MU,2022-04-09 21:34:38
106,Tasiilaq,65.6145,-37.6368,24.96,92,88,2.48,GL,2022-04-09 21:34:38
107,Cidreira,-30.1811,-50.2056,69.67,90,81,6.85,BR,2022-04-09 21:34:39
108,Balkanabat,39.5108,54.3671,68.23,44,100,9.78,TM,2022-04-09 21:34:39
109,Chokurdakh,70.6333,147.9167,-11.22,98,99,4.43,RU,2022-04-09 21:34:39
110,San Quintin,30.4833,-115.95,71.78,55,8,7.92,MX,2022-04-09 21:34:40
111,Tuktoyaktuk,69.4541,-133.0374,5.0,85,100,27.63,CA,2022-04-09 21:34:40
112,Pevek,69.7008,170.3133,-15.0,93,37,2.19,RU,2022-04-09 21:34:40
113,Takoradi,4.8845,-1.7554,80.91,84,90,3.38,GH,2022-04-09 21:34:41
114,Bengkulu,-3.8004,102.2655,76.44,85,100,3.31,ID,2022-04-09 21:34:41
115,Hit,33.6416,42.8251,70.16,30,0,9.4,IQ,2022-04-09 21:34:41
116,Kavieng,-2.5744,150.7967,81.77,75,89,4.56,PG,2022-04-09 21:34:42
117,Mrakovo,52.7161,56.6244,45.05,84,100,14.83,RU,2022-04-09 21:34:42
118,Carnarvon,-24.8667,113.6333,66.27,77,100,11.5,AU,2022-04-09 21:34:43
119,Popondetta,-8.7537,148.2534,77.56,92,95,1.45,PG,2022-04-09 21:34:43
120,Narsaq,60.9167,-46.05,35.82,65,2,2.91,GL,2022-04-09 21:34:44
121,Road Town,18.4167,-64.6167,82.44,65,75,11.5,VG,2022-04-09 21:34:44
122,Glenwood Springs,39.5505,-107.3248,67.12,31,40,9.22,US,2022-04-09 21:34:44
123,Esna,25.2934,32.554,79.56,12,5,10.18,EG,2022-04-09 21:34:45
124,Namatanai,-3.6667,152.4333,81.64,74,100,4.21,PG,2022-04-09 21:34:45
125,Ljungby,56.8332,13.9408,38.16,78,96,13.56,SE,2022-04-09 21:34:45
126,Gold Coast,-28.0,153.4333,71.04,86,4,8.05,AU,2022-04-09 21:30:06
127,Airai,-8.9266,125.4092,58.24,65,98,2.48,TL,2022-04-09 21:34:46
128,Montagnana,45.2287,11.4635,44.01,80,100,4.72,IT,2022-04-09 21:34:46
129,Komsomolskiy,40.4272,71.7189,66.92,59,96,6.91,UZ,2022-04-09 21:32:48
130,Antofagasta,-23.65,-70.4,63.68,79,14,9.33,CL,2022-04-09 21:34:47
131,Vaini,-21.2,-175.2,80.76,83,40,5.75,TO,2022-04-09 21:34:47
132,Port Elizabeth,-33.918,25.5701,65.1,96,75,8.05,ZA,2022-04-09 21:34:47
133,Coquimbo,-29.9533,-71.3436,60.53,77,20,14.97,CL,2022-04-09 21:31:25
134,Lata,40.1629,-8.3327,58.91,96,62,2.37,PT,2022-04-09 21:34:48
135,Vila Franca Do Campo,37.7167,-25.4333,55.81,69,76,23.62,PT,2022-04-09 21:34:48
136,Tilichiki,60.4667,166.1,21.11,80,63,3.02,RU,2022-04-09 21:34:49
137,Cabo San Lucas,22.8909,-109.9124,85.6,60,0,17.27,MX,2022-04-09 21:33:19
138,Katherine,-14.4667,132.2667,64.72,68,99,6.91,AU,2022-04-09 21:35:49
139,Hithadhoo,-0.6,73.0833,82.8,74,53,10.11,MV,2022-04-09 21:35:30
140,Trairi,-3.2778,-39.2689,75.78,88,100,2.37,BR,2022-04-09 21:35:50
141,Severo-Kurilsk,50.6789,156.125,30.31,72,100,5.37,RU,2022-04-09 21:35:50
142,Namibe,-15.1961,12.1522,71.02,78,8,4.81,AO,2022-04-09 21:35:51
143,Kutum,14.2,24.6667,77.92,12,8,8.81,SD,2022-04-09 21:35:51
144,Tiksi,71.6872,128.8694,-12.5,100,90,5.21,RU,2022-04-09 21:35:51
145,Fortuna,40.5982,-124.1573,55.92,60,0,20.71,US,2022-04-09 21:35:52
146,Nambucca Heads,-30.65,153.0,66.0,82,24,4.97,AU,2022-04-09 21:35:52
147,Saldanha,-33.0117,17.9442,66.25,52,0,11.21,ZA,2022-04-09 21:35:52
148,Bambous Virieux,-20.3428,57.7575,77.25,88,40,8.05,MU,2022-04-09 21:35:53
149,Sangueya,10.7,-14.3667,75.67,84,8,3.94,GN,2022-04-09 21:35:53
150,Shache,38.4167,77.2406,64.31,22,52,8.05,CN,2022-04-09 21:35:54
151,Mus,39.0,41.75,31.35,81,35,4.07,TR,2022-04-09 21:35:54
152,Nioro,13.35,-15.75,85.96,26,6,6.53,GM,2022-04-09 21:35:54
153,Haines Junction,60.7522,-137.5108,30.15,47,96,13.8,CA,2022-04-09 21:35:55
154,Isilkul,54.9109,71.2728,32.07,80,6,6.44,RU,2022-04-09 21:35:55
155,Pisco,-13.7,-76.2167,71.02,83,0,8.05,PE,2022-04-09 21:35:55
156,Ola,59.5833,151.2833,17.4,88,89,3.83,RU,2022-04-09 21:35:56
157,Ulaangom,49.9811,92.0667,29.41,59,69,1.86,MN,2022-04-09 21:35:56
158,Georgetown,5.4112,100.3354,78.73,94,20,2.3,MY,2022-04-09 21:35:57
159,Watsa,3.0372,29.5355,70.92,54,65,2.64,CD,2022-04-09 21:35:58
160,Ambon,-3.6954,128.1814,80.74,83,40,4.61,ID,2022-04-09 21:35:59
161,Caravelas,-17.7125,-39.2481,77.32,82,15,5.28,BR,2022-04-09 21:35:59
162,Adrar,20.5022,-10.0711,80.85,7,0,7.74,MR,2022-04-09 21:35:59
163,Bay Roberts,47.5999,-53.2648,34.52,90,100,8.99,CA,2022-04-09 21:36:00
164,Zambezi,-13.5432,23.1047,64.02,98,87,4.56,ZM,2022-04-09 21:36:00
165,Barrow,71.2906,-156.7887,-12.98,70,0,8.05,US,2022-04-09 21:36:01
166,Souillac,-20.5167,57.5167,77.38,88,40,8.05,MU,2022-04-09 21:36:01
167,Thompson,55.7435,-97.8558,35.76,75,100,9.22,CA,2022-04-09 21:34:58
168,Hualmay,-11.0964,-77.6139,71.02,79,58,9.78,PE,2022-04-09 21:36:02
169,Rawson,-43.3002,-65.1023,60.76,89,100,19.06,AR,2022-04-09 21:36:02
170,Mormugao,15.4,73.8,81.14,84,83,2.8,IN,2022-04-09 21:36:02
171,Kasaragod,12.5,75.0,79.92,84,97,0.94,IN,2022-04-09 21:36:03
172,Butaritari,3.0707,172.7902,80.35,80,95,13.31,KI,2022-04-09 21:36:03
173,Upernavik,72.7868,-56.1549,-1.16,97,63,5.35,GL,2022-04-09 21:36:04
174,Pafos,34.7667,32.4167,60.58,88,0,6.91,CY,2022-04-09 21:36:04
175,Arantangi,10.1667,78.9833,80.33,74,99,3.91,IN,2022-04-09 21:36:05
176,Brookhaven,31.5791,-90.4407,71.26,41,0,6.08,US,2022-04-09 21:33:46
177,Vestmannaeyjar,63.4427,-20.2734,39.16,67,100,26.96,IS,2022-04-09 21:36:05
178,Hailar,49.2,119.7,40.23,62,1,19.82,CN,2022-04-09 21:36:06
179,Killybegs,54.6333,-8.45,42.84,70,98,8.1,IE,2022-04-09 21:36:06
180,Bethel,41.3712,-73.414,55.02,66,75,9.22,US,2022-04-09 21:31:26
181,Yola,9.2,12.4833,83.88,54,100,4.56,NG,2022-04-09 21:36:07
182,Zhanaozen,43.3,52.8,55.54,58,100,7.31,KZ,2022-04-09 21:37:08
183,Khatanga,71.9667,102.5,-6.65,100,92,3.27,RU,2022-04-09 21:37:08
184,Taltal,-25.4,-70.4833,64.94,73,24,5.99,CL,2022-04-09 21:37:08
185,Sechura,-5.5569,-80.8222,76.93,65,59,14.41,PE,2022-04-09 21:37:09
186,Esperance,-33.8667,121.9,55.24,70,42,9.69,AU,2022-04-09 21:37:09
187,Wawa,9.9022,4.4192,84.85,55,99,9.93,NG,2022-04-09 21:37:09
188,Batemans Bay,-35.7167,150.1833,62.1,91,11,3.29,AU,2022-04-09 21:37:10
189,Guerrero Negro,27.9769,-114.0611,81.32,32,1,15.03,MX,2022-04-09 21:37:11
190,Padang,-0.9492,100.3543,77.23,77,85,3.71,ID,2022-04-09 21:37:11
191,Nikolskoye,59.7035,30.7861,37.87,96,100,5.3,RU,2022-04-09 21:37:11
192,Ambilobe,-13.2,49.05,73.54,95,39,2.75,MG,2022-04-09 21:37:12
193,Bondoukou,8.0333,-2.8,80.62,62,100,10.65,CI,2022-04-09 21:37:13
194,Picayune,30.5255,-89.6795,74.08,36,0,7.54,US,2022-04-09 21:37:13
195,Ixtapa,20.7,-105.2,78.03,69,0,12.66,MX,2022-04-09 21:37:13
196,Qaanaaq,77.484,-69.3632,-0.51,75,94,3.83,GL,2022-04-09 21:37:14
197,Baghdad,33.3406,44.4009,69.71,35,0,3.44,IQ,2022-04-09 21:36:27
198,Bandarbeyla,9.4942,50.8122,79.65,80,97,5.32,SO,2022-04-09 21:37:14
199,Alice Springs,-23.7,133.8833,69.22,32,0,5.75,AU,2022-04-09 21:37:15
200,Beringovskiy,63.05,179.3167,34.16,84,98,24.45,RU,2022-04-09 21:37:15
201,Merauke,-8.4667,140.3333,78.03,87,69,8.37,ID,2022-04-09 21:37:16
202,Goundi,9.3627,17.366,88.38,36,100,4.45,TD,2022-04-09 21:37:16
203,Adeje,28.1227,-16.726,62.22,71,40,6.91,ES,2022-04-09 21:37:16
204,Jieshi,22.8134,115.8257,70.95,80,1,10.11,CN,2022-04-09 21:37:17
205,Beloha,-25.1667,45.05,73.13,82,62,15.66,MG,2022-04-09 21:37:17
206,Traverse City,44.7631,-85.6206,39.72,69,100,8.05,US,2022-04-09 21:37:18
207,Luderitz,-26.6481,15.1594,63.63,68,0,6.51,NA,2022-04-09 21:37:18
208,Perth,-31.9333,115.8333,59.04,84,0,5.75,AU,2022-04-09 21:35:34
209,Libreville,0.3925,9.4537,76.77,83,98,2.04,GA,2022-04-09 21:37:18
210,Flagstaff,35.1981,-111.6513,72.52,11,0,18.41,US,2022-04-09 21:33:34
211,Porbandar,21.6422,69.6093,79.95,72,0,8.3,IN,2022-04-09 21:37:19
212,Ponta Do Sol,32.6667,-17.1,62.01,73,6,4.72,PT,2022-04-09 21:37:19
213,Geraldton,-28.7667,114.6,61.21,72,100,8.05,AU,2022-04-09 21:37:20
214,Starkville,33.4504,-88.8184,66.07,20,0,10.36,US,2022-04-09 21:37:20
215,Huarmey,-10.0681,-78.1522,72.37,76,68,9.82,PE,2022-04-09 21:37:20
216,Lagoa,39.05,-27.9833,55.26,73,35,38.32,PT,2022-04-09 21:37:21
217,Cape Town,-33.9258,18.4232,63.91,70,0,13.0,ZA,2022-04-09 21:32:36
218,Aripuana,-9.1667,-60.6333,75.47,96,100,0.78,BR,2022-04-09 21:37:21
219,Dongsheng,39.8161,109.9776,56.19,23,99,8.59,CN,2022-04-09 21:37:22
220,Tuatapere,-46.1333,167.6833,54.93,68,73,3.0,NZ,2022-04-09 21:37:23
221,Shima,24.4478,117.8111,66.22,84,0,1.97,CN,2022-04-09 21:37:23
222,Houma,29.5958,-90.7195,75.99,27,0,5.01,US,2022-04-09 21:33:44
223,Touros,-5.1989,-35.4608,80.87,78,68,12.33,BR,2022-04-09 21:37:16
224,Srednekolymsk,67.45,153.6833,-4.27,94,100,6.35,RU,2022-04-09 21:37:24
225,Koygorodok,60.445,50.9968,37.45,96,100,8.5,RU,2022-04-09 21:37:24
226,Armidale,-30.5167,151.65,57.45,83,39,4.45,AU,2022-04-09 21:37:24
227,Xai-Xai,-25.0519,33.6442,73.24,69,100,12.41,MZ,2022-04-09 21:37:25
228,Norman Wells,65.282,-126.8329,15.84,57,75,16.11,CA,2022-04-09 21:37:25
229,Flin Flon,54.7682,-101.865,42.64,61,75,5.75,CA,2022-04-09 21:37:26
230,Hasaki,35.7333,140.8333,52.2,78,0,6.93,JP,2022-04-09 21:38:27
231,Mandera,3.9366,41.867,84.92,49,87,19.93,KE,2022-04-09 21:38:29
232,Sistranda,63.7256,8.834,39.16,73,99,14.58,NO,2022-04-09 21:38:30
233,Cayenne,4.9333,-52.3333,82.09,1,40,9.22,GF,2022-04-09 21:38:31
234,Meulaboh,4.1363,96.1285,77.07,88,87,3.42,ID,2022-04-09 21:38:31
235,Murfreesboro,35.8456,-86.3903,58.57,36,20,10.36,US,2022-04-09 21:37:21
236,Najran,17.4924,44.1277,72.25,18,0,2.73,SA,2022-04-09 21:38:32
237,Cabra,37.4725,-4.4421,58.32,74,100,4.23,ES,2022-04-09 21:38:32
238,Gizo,-8.103,156.8419,83.03,70,72,5.28,SB,2022-04-09 21:38:32
239,Saint Anthony,45.0205,-93.218,57.04,21,0,6.91,US,2022-04-09 21:38:33
240,Dunda,-8.1167,34.25,62.71,94,81,3.78,TZ,2022-04-09 21:38:33
241,Groton,41.3501,-72.0784,56.12,64,40,12.66,US,2022-04-09 21:38:34
242,Hay River,60.8156,-115.7999,33.78,55,75,16.11,CA,2022-04-09 21:36:00
243,Hammerfest,70.6634,23.6821,36.05,93,75,18.41,NO,2022-04-09 21:38:34
244,Solnechnyy,50.7214,136.6319,25.9,95,94,4.21,RU,2022-04-09 21:38:35
245,Saint-Francois,46.4154,3.9054,36.84,87,0,4.61,FR,2022-04-09 21:38:35
246,Iqaluit,63.7506,-68.5145,22.73,85,100,17.27,CA,2022-04-09 21:38:35
247,Aklavik,68.2191,-135.0107,8.6,66,75,14.97,CA,2022-04-09 21:38:36
248,Carutapera,-1.195,-46.02,74.91,94,100,5.44,BR,2022-04-09 21:38:36
249,Quatre Cocos,-20.2078,57.7625,77.11,80,19,13.47,MU,2022-04-09 21:38:37
250,Sao Mateus,-18.7161,-39.8589,77.16,82,50,5.97,BR,2022-04-09 21:38:37
251,Port Blair,11.6667,92.75,80.64,78,100,1.66,IN,2022-04-09 21:38:37
252,Waitati,-45.75,170.5667,58.03,57,59,1.14,NZ,2022-04-09 21:38:38
253,Paracuru,-3.41,-39.0306,82.11,88,100,3.33,BR,2022-04-09 21:38:38
254,Miguel Hidalgo,19.4225,-99.2028,69.21,40,75,18.41,MX,2022-04-09 21:38:38
255,Saint George,37.1041,-113.5841,87.64,8,0,19.57,US,2022-04-09 21:35:58
256,Sorland,67.667,12.6934,39.87,82,100,17.16,NO,2022-04-09 21:38:40
257,Buala,-8.145,159.5921,82.92,71,85,4.41,SB,2022-04-09 21:38:41
258,Caborca,30.5838,-111.101,89.33,10,15,18.52,MX,2022-04-09 21:38:42
259,Empalme,27.9667,-110.8167,90.36,51,0,16.11,MX,2022-04-09 21:38:43
260,Evensk,61.95,159.2333,19.54,86,100,1.88,RU,2022-04-09 21:38:43
261,Upington,-28.4478,21.2561,61.18,88,100,3.44,ZA,2022-04-09 21:38:44
262,Atikokan,48.7555,-91.6216,41.77,62,23,2.75,CA,2022-04-09 21:38:44
263,Inhambane,-23.865,35.3833,75.7,65,100,15.75,MZ,2022-04-09 21:38:44
264,Rypefjord,70.6333,23.6667,36.07,93,75,18.41,NO,2022-04-09 21:38:45
265,Titusville,28.6122,-80.8075,73.42,36,20,26.46,US,2022-04-09 21:38:45
266,Oranjemund,-28.55,16.4333,62.08,77,0,7.63,NA,2022-04-09 21:38:46
267,Bathsheba,13.2167,-59.5167,81.21,69,75,18.41,BB,2022-04-09 21:38:46
268,Tura,25.5198,90.2201,69.48,92,0,5.03,IN,2022-04-09 21:38:46
269,Kaka,37.3482,59.6143,75.2,22,98,9.64,TM,2022-04-09 21:38:47
270,Half Moon Bay,37.4636,-122.4286,78.8,63,0,25.32,US,2022-04-09 21:37:31
271,Yuanping,38.7153,112.7575,58.14,40,26,1.7,CN,2022-04-09 21:38:47
272,Santiago Del Estero,-27.7951,-64.2615,77.68,64,94,10.71,AR,2022-04-09 21:38:48
273,Mabaruma,8.2,-59.7833,77.68,79,77,6.42,GY,2022-04-09 21:38:48
274,Wonthaggi,-38.6044,145.5913,64.81,80,13,8.97,AU,2022-04-09 21:38:49
275,Grand Gaube,-20.0064,57.6608,77.4,85,19,1.01,MU,2022-04-09 21:38:49
276,Esso,55.9333,158.7,17.29,85,95,2.71,RU,2022-04-09 21:39:50
277,Goundam,16.4145,-3.6708,89.69,9,6,16.2,ML,2022-04-09 21:39:50
278,San Francisco,37.7749,-122.4194,81.75,52,0,25.32,US,2022-04-09 21:38:25
279,Salalah,17.0151,54.0924,80.69,83,0,3.44,OM,2022-04-09 21:39:50
280,Orange Walk,17.8333,-88.8333,83.93,47,74,7.83,BZ,2022-04-09 21:39:51
281,Hobyo,5.3505,48.5268,81.64,77,18,12.17,SO,2022-04-09 21:39:51
282,Ilulissat,69.2167,-51.1,15.82,62,40,4.61,GL,2022-04-09 21:39:51
283,Sitka,57.0531,-135.33,42.69,65,40,8.05,US,2022-04-09 21:39:52
284,Pimentel,-6.8367,-79.9342,79.09,53,0,19.57,PE,2022-04-09 21:39:52
285,Kabala,9.5833,-11.55,82.04,55,68,9.93,SL,2022-04-09 21:39:53
286,Korla,41.7597,86.1469,64.96,29,100,6.8,CN,2022-04-09 21:39:53
287,Nouadhibou,20.931,-17.0347,62.58,88,0,18.41,MR,2022-04-09 21:39:53
288,Pathein,16.7833,94.7333,77.02,85,13,5.64,MM,2022-04-09 21:39:54
289,Mizan Teferi,6.9833,35.5833,61.77,89,100,3.78,ET,2022-04-09 21:39:54
290,Labuhan,-6.8844,112.2051,76.35,89,98,7.87,ID,2022-04-09 21:39:54
291,Mayo,38.8876,-76.5119,55.81,46,100,10.36,US,2022-04-09 21:39:55
292,Turbiv,49.3479,28.7212,43.07,86,100,13.42,UA,2022-04-09 21:39:55
293,Oga,46.4631,10.347,30.88,95,51,4.97,IT,2022-04-09 21:39:56
294,Plettenberg Bay,-34.0527,23.3716,60.6,86,18,9.06,ZA,2022-04-09 21:39:56
295,Sur,22.5667,59.5289,87.58,39,100,9.31,OM,2022-04-09 21:39:56
296,Price,39.5994,-110.8107,67.26,15,20,24.16,US,2022-04-09 21:39:57
297,Sakakah,29.9697,40.2064,65.77,18,0,6.35,SA,2022-04-09 21:39:57
298,Pringsewu,-5.3582,104.9744,72.95,97,100,3.31,ID,2022-04-09 21:39:58
299,Pierreville,46.0703,-72.8112,42.39,100,100,5.75,CA,2022-04-09 21:39:58
300,Faya,18.3851,42.4509,62.71,48,0,1.72,SA,2022-04-09 21:39:58
301,Cockburn Town,21.4612,-71.1419,82.36,65,20,13.8,TC,2022-04-09 21:39:59
302,Wiarton,44.7407,-81.1332,35.4,80,100,10.36,CA,2022-04-09 21:36:46
303,Roma,43.2128,-75.4557,50.5,56,75,17.27,US,2022-04-09 21:39:06
304,Lypnyazhka,48.4469,31.0761,50.05,81,97,7.58,UA,2022-04-09 21:39:59
305,Muromtsevo,56.3724,75.2418,20.01,97,14,3.0,RU,2022-04-09 21:40:00
306,Mercedes,-34.6515,-59.4307,74.86,48,0,9.6,AR,2022-04-09 21:40:00
307,Praia Da Vitoria,38.7333,-27.0667,56.75,82,40,25.93,PT,2022-04-09 21:40:01
308,Jiexiu,37.0244,111.9125,64.74,22,0,6.29,CN,2022-04-09 21:40:01
309,Ambovombe,-25.1667,46.0833,73.58,85,64,15.12,MG,2022-04-09 21:40:02
310,Victoria,22.2855,114.1577,71.94,76,0,8.99,HK,2022-04-09 21:40:02
311,Chekhov,55.1431,37.4711,46.35,84,100,11.3,RU,2022-04-09 21:40:03
312,Kieta,-6.2167,155.6333,82.65,70,51,1.68,PG,2022-04-09 21:40:03
313,Tatarsk,55.219,75.9828,31.15,78,7,1.45,RU,2022-04-09 21:40:04
314,Klaipeda,55.7172,21.1175,39.25,77,79,27.0,LT,2022-04-09 21:40:04
315,Castleblayney,54.1167,-6.7333,35.46,89,98,5.32,IE,2022-04-09 21:40:05
316,La Ronge,55.1001,-105.2842,44.85,49,75,11.5,CA,2022-04-09 21:37:31
317,Peoria,40.7667,-89.7668,54.61,37,0,9.22,US,2022-04-09 21:40:05
318,Jeremie,18.65,-74.1167,80.55,72,99,2.48,HT,2022-04-09 21:40:06
319,Belyy Yar,53.6039,91.3903,31.86,84,100,6.71,RU,2022-04-09 21:40:06
320,Kruisfontein,-34.0033,24.7314,62.89,93,78,9.26,ZA,2022-04-09 21:40:07
321,Zyryanka,65.75,150.85,-10.75,95,98,7.74,RU,2022-04-09 21:40:08
322,Yeppoon,-23.1333,150.7333,73.18,88,96,17.18,AU,2022-04-09 21:40:08
323,Coari,-4.085,-63.1414,76.48,96,98,2.89,BR,2022-04-09 21:38:11
324,Ust-Kuyga,70.0167,135.6,-11.7,94,39,4.18,RU,2022-04-09 21:41:09
325,Kapoeta,4.7717,33.5903,85.66,35,30,18.37,SS,2022-04-09 21:41:09
326,Alugan,12.2188,125.4808,79.32,92,100,26.15,PH,2022-04-09 21:41:10
327,Mandan,46.8267,-100.8896,64.38,35,100,20.71,US,2022-04-09 21:36:12
328,Seminole,28.7086,-81.2081,70.27,38,20,24.16,US,2022-04-09 21:41:11
329,Grao Mogol,-16.5594,-42.8897,76.66,50,48,2.55,BR,2022-04-09 21:41:11
330,Pingshan,22.9938,114.7131,64.44,77,0,2.3,CN,2022-04-09 21:41:12
331,Sainte-Suzanne,-20.9061,55.6089,78.98,78,100,14.97,RE,2022-04-09 21:41:12
332,Natal,-5.795,-35.2094,83.05,83,20,12.66,BR,2022-04-09 21:38:56
333,Port Lincoln,-34.7333,135.8667,66.92,45,91,5.7,AU,2022-04-09 21:41:13
334,Sri Aman,1.2376,111.4621,73.45,100,100,2.3,MY,2022-04-09 21:41:13
335,Casa Nova,-9.4167,-41.1333,85.42,45,50,6.44,BR,2022-04-09 21:41:14
336,Kulhudhuffushi,6.6221,73.07,84.31,70,91,8.97,MV,2022-04-09 21:41:14
337,Serta,39.8085,-8.0988,57.96,95,73,1.57,PT,2022-04-09 21:41:15
338,Acajutla,13.5928,-89.8275,91.29,46,96,10.69,SV,2022-04-09 21:41:15
339,Kiunga,-6.1219,141.2906,73.24,99,100,1.43,PG,2022-04-09 21:41:16
340,Mbarara,-0.608,30.65,63.3,82,14,2.93,UG,2022-04-09 21:41:17
341,Neuquen,-38.9516,-68.0591,71.49,64,20,5.75,AR,2022-04-09 21:39:58
342,Panormos,35.4182,24.6909,57.06,59,2,6.06,GR,2022-04-09 21:41:17
343,Balakhninskiy,58.0106,114.2769,5.85,97,44,3.38,RU,2022-04-09 21:41:18
344,Karasjok,69.4719,25.5112,33.31,98,100,15.59,NO,2022-04-09 21:41:18
345,Shenjiamen,29.9576,122.298,59.77,92,81,14.43,CN,2022-04-09 21:41:19
346,Vila Velha,-20.3297,-40.2925,84.15,85,0,13.8,BR,2022-04-09 21:36:44
347,Kachug,53.9606,105.8817,27.37,92,100,3.38,RU,2022-04-09 21:41:19
348,Almaznyy,48.0448,40.045,49.01,79,89,10.16,RU,2022-04-09 21:41:20
349,Itaituba,-4.2761,-55.9836,89.76,66,40,5.75,BR,2022-04-09 21:41:20
350,Formosa,-26.1775,-58.1781,77.92,72,58,5.06,AR,2022-04-09 21:41:20
351,Levanger,63.7464,11.2996,37.45,86,100,5.61,NO,2022-04-09 21:41:21
352,Christchurch,-43.5333,172.6333,56.32,91,40,3.44,NZ,2022-04-09 21:41:21
353,Inta,66.0317,60.1659,30.78,83,100,6.69,RU,2022-04-09 21:41:22
354,Pangody,65.85,74.4859,1.18,93,100,4.56,RU,2022-04-09 21:41:22
355,Morros,-9.4467,-46.3003,79.14,49,88,3.42,BR,2022-04-09 21:41:23
356,Porto Novo,6.4965,2.6036,80.42,82,100,7.23,BJ,2022-04-09 21:41:23
357,Batagay-Alyta,67.8006,130.4114,-2.76,96,48,4.52,RU,2022-04-09 21:41:23
358,Porto-Vecchio,41.591,9.2795,56.73,50,0,25.32,FR,2022-04-09 21:41:24
359,Eureka,40.8021,-124.1637,60.13,64,57,15.99,US,2022-04-09 21:41:24
360,Urumqi,43.801,87.6005,52.75,44,0,4.47,CN,2022-04-09 21:41:24
361,Bollnas,61.3482,16.3946,26.38,96,91,4.5,SE,2022-04-09 21:41:25
362,Olinda,-8.0089,-34.8553,82.13,74,40,10.36,BR,2022-04-09 21:41:25
363,Itarema,-2.9248,-39.9167,76.1,85,100,7.81,BR,2022-04-09 21:41:26
364,Faanui,-16.4833,-151.75,82.51,74,91,19.33,PF,2022-04-09 21:41:26
365,Zhigansk,66.7697,123.3711,2.98,95,31,12.33,RU,2022-04-09 21:41:26
366,Edeia,-17.3383,-49.9314,72.19,89,86,7.0,BR,2022-04-09 21:41:27
367,Auki,-8.7676,160.7034,82.83,69,28,1.77,SB,2022-04-09 21:41:27
368,Port-Cartier,50.0334,-66.8654,34.75,99,100,2.42,CA,2022-04-09 21:42:28
369,Waipawa,-41.4122,175.5153,58.23,69,18,3.8,NZ,2022-04-09 21:42:28
370,Yerbogachen,61.2767,108.0108,10.36,96,22,5.28,RU,2022-04-09 21:42:28
371,Nybro,56.7446,15.9071,38.05,83,63,10.8,SE,2022-04-09 21:42:29
372,Nuevo Progreso,23.1667,-97.95,81.54,47,9,5.99,MX,2022-04-09 21:42:29
373,Bull Savanna,17.8868,-77.5902,77.2,72,92,1.57,JM,2022-04-09 21:42:29
374,Kidal,18.4411,1.4078,88.56,9,0,13.98,ML,2022-04-09 21:42:30
375,Hamilton,39.1834,-84.5333,42.24,65,100,14.97,US,2022-04-09 21:42:30
376,Jiangyou,31.7667,104.7167,63.14,69,0,3.44,CN,2022-04-09 21:42:30
377,Zhangye,38.9342,100.4517,57.22,19,2,2.35,CN,2022-04-09 21:42:31
378,Itarantim,-15.6597,-40.0656,73.78,82,26,4.18,BR,2022-04-09 21:42:31
379,Rovaniemi,66.5,25.7167,31.41,93,0,11.5,FI,2022-04-09 21:42:32
380,Bati,11.1833,40.0167,67.89,36,25,5.68,ET,2022-04-09 21:42:32
381,Acapulco,16.8634,-99.8901,85.82,62,75,8.05,MX,2022-04-09 21:38:51
382,Ati,13.2154,18.3353,90.09,9,13,9.82,TD,2022-04-09 21:42:33
383,Awjilah,29.1081,21.2869,73.63,19,100,7.67,LY,2022-04-09 21:42:33
384,Sao Gabriel Da Cachoeira,-0.1303,-67.0892,76.44,96,81,3.24,BR,2022-04-09 21:42:33
385,Monze,-16.2833,27.4833,65.14,82,100,4.32,ZM,2022-04-09 21:42:34
386,Huaiyuan,32.973,117.1995,62.8,62,97,5.99,CN,2022-04-09 21:42:34
387,Iberia,29.9502,-91.7507,77.09,22,0,9.22,US,2022-04-09 21:42:34
388,San Isidro,-12.1167,-77.05,75.51,75,75,6.91,PE,2022-04-09 21:42:35
389,Teya,60.3778,92.6267,20.7,98,100,2.68,RU,2022-04-09 21:42:35
390,Kwekwe,-18.9281,29.8149,61.74,90,100,11.23,ZW,2022-04-09 21:42:36
391,Georgiyevka,43.0369,74.7114,55.44,88,75,8.95,KZ,2022-04-09 21:42:36
392,Pangnirtung,66.1451,-65.7125,17.87,92,100,1.48,CA,2022-04-09 21:41:16
393,Conway,35.0887,-92.4421,72.75,17,0,8.05,US,2022-04-09 21:40:36
394,Vardo,70.3705,31.1107,37.13,81,100,24.34,NO,2022-04-09 21:42:37
395,Miraflores,19.2167,-98.8083,68.65,60,77,6.82,MX,2022-04-09 21:42:37
396,Zhongshan,21.3226,110.5829,67.64,90,0,6.8,CN,2022-04-09 21:42:37
397,Jalu,29.0331,21.5482,73.81,19,100,8.19,LY,2022-04-09 21:42:38
398,Neftcala,39.3742,49.2472,53.15,81,100,1.86,AZ,2022-04-09 21:42:38
399,Ahipara,-35.1667,173.1667,65.41,73,100,4.14,NZ,2022-04-09 21:42:39
400,Vao,-22.6667,167.4833,77.29,85,53,20.31,NC,2022-04-09 21:42:39
401,Liusha,27.2098,108.59,57.38,91,99,3.33,CN,2022-04-09 21:42:39
402,Kahului,20.8947,-156.47,84.22,64,20,20.71,US,2022-04-09 21:42:40
403,Kavaratti,10.5669,72.642,83.41,75,85,6.55,IN,2022-04-09 21:42:40
404,Boende,-0.2167,20.8667,72.3,88,87,3.22,CD,2022-04-09 21:42:40
405,Poltavka,54.3663,71.7632,33.03,78,6,6.87,RU,2022-04-09 21:42:41
406,Port Macquarie,-31.4333,152.9167,65.89,89,14,5.3,AU,2022-04-09 21:42:41
407,Surab,28.4914,66.2585,66.99,11,1,5.91,PK,2022-04-09 21:42:42
408,Lumphat,13.4878,106.9816,70.25,70,81,3.76,KH,2022-04-09 21:42:42
409,Mayahi,13.9553,7.6712,84.61,7,37,2.77,NE,2022-04-09 21:42:42
410,Marsh Harbour,26.5412,-77.0636,71.91,55,100,14.88,BS,2022-04-09 21:42:43
411,Santa Maria,-29.6842,-53.8069,72.7,78,20,4.61,BR,2022-04-09 21:42:43
412,Xiaoshan,30.1675,120.2588,67.86,60,0,6.71,CN,2022-04-09 21:43:44
413,Humberto De Campos,-2.5983,-43.4611,75.27,94,99,4.61,BR,2022-04-09 21:43:44
414,Mezen,65.8522,44.24,31.57,96,96,5.59,RU,2022-04-09 21:43:44
415,Fontem,5.4685,9.8818,68.79,93,100,1.7,CM,2022-04-09 21:43:45
416,Margate,51.3813,1.3862,45.88,67,92,1.99,GB,2022-04-09 21:43:45
417,Bilma,18.6853,12.9164,85.6,7,0,4.0,NE,2022-04-09 21:43:46
418,Porto Velho,-8.7619,-63.9039,86.05,66,40,3.44,BR,2022-04-09 21:43:46
419,Nichinan,31.6,131.3667,53.28,74,0,2.77,JP,2022-04-09 21:43:47
420,Machakos,-1.5167,37.2667,58.59,82,8,5.01,KE,2022-04-09 21:43:47
421,Bernalillo,35.05,-106.6673,83.68,7,40,11.5,US,2022-04-09 21:43:47
422,Kirakira,-10.4544,161.9205,78.62,87,100,6.96,SB,2022-04-09 21:43:48
423,Cafarnaum,-11.6936,-41.4683,72.39,41,1,7.74,BR,2022-04-09 21:43:48
424,Lar,26.2039,83.9717,77.45,53,0,9.42,IN,2022-04-09 21:43:49
425,Rumuruti,0.267,36.5389,60.91,79,14,8.05,KE,2022-04-09 21:43:49
426,Ous,60.9058,61.5186,33.91,98,100,6.49,RU,2022-04-09 21:43:50
427,Sudogda,55.9539,40.8629,38.5,95,99,5.53,RU,2022-04-09 21:43:50
428,Alta Floresta,-9.8756,-56.0861,75.52,89,95,2.73,BR,2022-04-09 21:43:50
429,Viedma,-40.8135,-62.9967,62.02,89,100,15.84,AR,2022-04-09 21:43:51
430,Bereda,43.2686,-7.5406,44.15,100,51,1.25,ES,2022-04-09 21:43:51
431,Sorong,-0.8833,131.25,79.29,86,99,10.65,ID,2022-04-09 21:43:52
432,Veinticinco De Mayo,-35.4323,-60.1727,72.99,68,0,1.01,AR,2022-04-09 21:43:52
433,Mount Gambier,-37.8333,140.7667,58.91,82,83,12.66,AU,2022-04-09 21:43:52
434,Nizhniy Tsasuchey,50.5167,115.1333,33.21,98,100,15.12,RU,2022-04-09 21:43:53
435,Clearwater,27.9659,-82.8001,67.98,51,0,21.99,US,2022-04-09 21:41:42
436,Nyrob,60.733,56.7202,35.98,100,100,6.69,RU,2022-04-09 21:43:53
437,Prince Rupert,54.3161,-130.3201,39.29,87,75,9.22,CA,2022-04-09 21:39:11
438,Dzhebariki-Khaya,62.2167,135.8,23.18,95,100,4.83,RU,2022-04-09 21:43:54
439,Kismayo,-0.3582,42.5454,81.19,81,38,11.52,SO,2022-04-09 21:43:54
440,Pandan,14.0453,124.1694,79.07,87,100,12.41,PH,2022-04-09 21:43:55
441,Shelburne,44.0787,-80.2041,34.9,83,99,12.88,CA,2022-04-09 21:43:55
442,Bahile,9.9995,118.7878,76.5,87,99,4.38,PH,2022-04-09 21:43:55
443,Liwale,-9.7667,37.9333,67.41,98,16,2.26,TZ,2022-04-09 21:43:56
444,Juneau,58.3019,-134.4197,41.0,84,75,9.22,US,2022-04-09 21:43:56
445,Grand Island,40.925,-98.342,74.19,16,0,19.57,US,2022-04-09 21:43:57
446,Getulio Vargas,-32.6796,-53.5494,69.28,73,15,11.99,UY,2022-04-09 21:43:57
447,Ostersund,63.1792,14.6357,28.85,100,100,2.3,SE,2022-04-09 21:43:57
448,Cabedelo,-6.9811,-34.8339,81.27,82,86,11.86,BR,2022-04-09 21:43:58
449,Broome,42.2506,-75.833,49.6,64,0,8.05,US,2022-04-09 21:43:58
450,Gwembe,-16.4975,27.6069,63.86,81,100,2.13,ZM,2022-04-09 21:43:59
451,Honiara,-9.4333,159.95,83.08,71,71,5.1,SB,2022-04-09 21:43:59
452,San Policarpo,12.1791,125.5072,79.56,92,100,28.7,PH,2022-04-09 21:44:00
453,Kaitangata,-46.2817,169.8464,56.5,67,27,10.45,NZ,2022-04-09 21:44:00
454,Phon,15.816,102.5998,77.11,42,92,4.0,TH,2022-04-09 21:44:00
455,Rio Gallegos,-51.6226,-69.2181,53.65,66,0,4.61,AR,2022-04-09 21:41:30
456,Bayonet Point,28.3267,-82.6834,67.19,54,11,8.99,US,2022-04-09 21:44:01
457,Samarai,-10.6167,150.6667,83.46,77,17,19.19,PG,2022-04-09 21:45:01
458,Bhadasar,28.2833,74.3167,83.3,12,4,7.83,IN,2022-04-09 21:45:02
459,Sisimiut,66.9395,-53.6735,17.11,83,100,4.16,GL,2022-04-09 21:45:02
460,Acarau,-2.8856,-40.12,77.65,82,99,9.62,BR,2022-04-09 21:40:56
461,Olavarria,-36.8927,-60.3225,70.02,76,6,8.39,AR,2022-04-09 21:44:46
462,Lavumisa,-27.31,31.892,63.3,97,100,2.64,SZ,2022-04-09 21:45:03
463,Provideniya,64.3833,-173.3,33.17,96,100,16.53,RU,2022-04-09 21:45:03
464,San Juan,-31.5375,-68.5364,85.51,27,0,7.14,AR,2022-04-09 21:45:04
465,Thurso,58.5927,-3.5259,36.86,83,97,5.7,GB,2022-04-09 21:45:05
466,Kristiansand,58.1467,7.9956,41.02,52,12,11.5,NO,2022-04-09 21:45:05
467,Marystown,47.1666,-55.1483,36.86,100,100,7.0,CA,2022-04-09 21:45:06
468,Aksarka,66.5606,67.7975,10.49,96,100,6.4,RU,2022-04-09 21:45:06
469,Lorengau,-2.0226,147.2712,81.82,79,88,7.16,PG,2022-04-09 21:45:07
470,Antalaha,-14.9003,50.2788,72.75,87,67,7.45,MG,2022-04-09 21:45:07
471,Hambantota,6.1241,81.1185,73.74,100,20,1.14,LK,2022-04-09 21:45:07
472,Vagur,61.4732,-6.8119,34.5,68,99,4.09,FO,2022-04-09 21:45:08
473,Clarence Town,-32.5833,151.7833,68.86,90,7,1.45,AU,2022-04-09 21:45:09
474,Nome,64.5011,-165.4064,28.17,93,100,8.05,US,2022-04-09 21:45:09
475,Wanaraja,-7.1749,107.9808,69.93,91,87,2.35,ID,2022-04-09 21:45:09
476,Saint-Augustin,51.226,-58.6502,32.94,100,100,6.24,CA,2022-04-09 21:45:10
477,Sangar,63.9242,127.4739,12.42,96,100,7.2,RU,2022-04-09 21:45:10
478,Harper,4.375,-7.7169,81.73,84,99,8.95,LR,2022-04-09 21:45:10
479,Shahrud,36.4182,54.9763,60.71,44,98,6.38,IR,2022-04-09 21:45:11
480,Bukama,-9.2,25.85,69.04,94,31,2.15,CD,2022-04-09 21:45:11
481,Havre-Saint-Pierre,50.2334,-63.5986,35.96,93,100,4.61,CA,2022-04-09 21:45:12
482,Bandiagara,14.3501,-3.6104,90.45,9,2,10.18,ML,2022-04-09 21:45:12
483,Warrnambool,-38.3833,142.4833,63.81,79,78,11.7,AU,2022-04-09 21:45:12
484,Zelzate,51.1989,3.8106,42.75,86,25,1.01,BE,2022-04-09 21:45:13
485,Tabou,4.423,-7.3528,81.63,85,73,8.39,CI,2022-04-09 21:45:13
486,Bam,29.106,58.357,77.74,11,93,8.93,IR,2022-04-09 21:45:13
487,Ternate,0.8,127.4,81.3,80,100,10.11,ID,2022-04-09 21:45:14
488,Lasa,46.6166,10.7002,38.28,91,38,6.22,IT,2022-04-09 21:45:15
489,Likasi,-10.9814,26.7333,61.21,98,98,3.18,CD,2022-04-09 21:45:15
490,Balkhash,46.844,74.9804,44.42,55,100,14.36,KZ,2022-04-09 21:45:15
491,Mahibadhoo,3.7833,72.9667,83.93,72,98,11.32,MV,2022-04-09 21:45:16
492,Watrous,51.6668,-105.4679,47.98,43,99,20.71,CA,2022-04-09 21:45:16
493,Mandali,33.7499,45.5541,67.66,35,0,2.71,IQ,2022-04-09 21:45:17
494,San Ramon,37.7799,-121.978,80.2,27,0,16.11,US,2022-04-09 21:45:17
495,Vigrestad,58.5667,5.7,38.88,79,33,27.4,NO,2022-04-09 21:45:17
496,Yar-Sale,66.8333,70.8333,8.56,95,100,7.0,RU,2022-04-09 21:45:18
497,Cozumel,20.5083,-86.9458,80.67,60,40,18.01,MX,2022-04-09 21:45:18
498,Constitucion,-35.3333,-72.4167,58.06,78,6,5.44,CL,2022-04-09 21:45:19
499,Am Timan,11.0297,20.2827,91.69,24,50,1.59,TD,2022-04-09 21:45:19
500,Sabang,5.8933,95.3214,82.42,70,51,2.13,ID,2022-04-09 21:45:20
501,Talakan,50.3167,130.3667,31.19,92,99,6.2,RU,2022-04-09 21:45:20
502,Tual,-5.6667,132.75,83.97,73,42,14.09,ID,2022-04-09 21:46:20
503,Klyuchi,52.2667,79.1667,31.89,73,0,3.31,RU,2022-04-09 21:46:21
504,Dingle,10.9995,122.6711,74.93,90,100,3.0,PH,2022-04-09 21:46:21
505,Ancud,-41.8697,-73.8203,48.22,82,100,8.86,CL,2022-04-09 21:46:22
506,Moose Factory,51.2585,-80.6094,30.2,80,100,9.22,CA,2022-04-09 21:46:22
507,Hurghada,27.2574,33.8129,77.04,18,0,8.05,EG,2022-04-09 21:46:22
508,Riberalta,-10.9833,-66.1,88.0,70,75,4.61,BO,2022-04-09 21:46:23
509,Capim Grosso,-11.3811,-40.0128,80.55,39,0,5.77,BR,2022-04-09 21:44:48
510,Teahupoo,-17.8333,-149.2667,82.36,78,97,22.57,PF,2022-04-09 21:46:23
511,Canton,23.1167,113.25,67.95,50,0,4.92,CN,2022-04-09 21:43:49
512,Vostok,46.4856,135.8833,30.74,79,71,3.89,RU,2022-04-09 21:46:24
513,Charters Towers,-20.1,146.2667,74.75,75,15,11.14,AU,2022-04-09 21:46:24
514,Kedrovyy,56.1667,91.8167,28.87,92,97,5.1,RU,2022-04-09 21:46:25
515,Ukiah,39.1502,-123.2078,75.43,31,0,10.36,US,2022-04-09 21:46:25
516,Benguela,-12.5763,13.4055,75.25,88,21,3.02,AO,2022-04-09 21:46:25
517,Tambopata,-12.7333,-69.1833,79.56,86,99,1.07,PE,2022-04-09 21:46:26
518,Bahia Blanca,-38.7196,-62.2724,73.47,51,100,8.43,AR,2022-04-09 21:46:26
519,Plainview,40.7765,-73.4673,56.8,53,40,10.36,US,2022-04-09 21:46:27
520,Eyl,7.9803,49.8164,80.01,81,76,8.08,SO,2022-04-09 21:46:27
521,Purpe,64.4803,76.6897,4.8,90,100,6.71,RU,2022-04-09 21:46:28
522,Brindisi,40.5833,17.6667,59.77,67,81,9.28,IT,2022-04-09 21:46:28
523,Bokoro,12.3807,17.0568,89.8,11,45,1.1,TD,2022-04-09 21:46:28
524,Monrovia,6.3005,-10.7969,78.57,87,100,7.58,LR,2022-04-09 21:45:48
525,Puri,19.8,85.85,81.12,88,14,20.38,IN,2022-04-09 21:46:29
526,Sokone,13.8833,-16.3667,96.69,20,6,11.61,SN,2022-04-09 21:46:29
527,Presidencia Roque Saenz Pena,-26.7852,-60.4388,74.23,81,72,5.37,AR,2022-04-09 21:46:29
528,Kiama,-34.6833,150.8667,66.0,96,14,3.42,AU,2022-04-09 21:46:30
529,Rodrigues Alves,-7.738,-72.6509,73.6,96,100,2.24,BR,2022-04-09 21:46:30
530,Mabai,23.0128,104.4508,52.05,84,3,1.52,CN,2022-04-09 21:46:31
531,Coihaique,-45.5752,-72.0662,59.61,62,100,3.44,CL,2022-04-09 21:45:10
532,Okha,53.5739,142.9478,18.46,88,72,9.62,RU,2022-04-09 21:46:31
533,Wanxian,30.8039,108.3897,67.05,79,0,1.03,CN,2022-04-09 21:46:31
534,Kelvington,52.1667,-103.5343,35.85,100,100,9.95,CA,2022-04-09 21:46:32
535,Morondava,-20.2833,44.2833,80.56,79,53,2.57,MG,2022-04-09 21:46:32
536,Glasgow,55.8652,-4.2576,40.19,73,88,6.91,GB,2022-04-09 21:43:30
537,Qaqortoq,60.7167,-46.0333,27.16,74,3,2.68,GL,2022-04-09 21:46:33
538,Kamaishi,39.2667,141.8833,53.65,62,86,4.94,JP,2022-04-09 21:46:33
539,Whitianga,-36.8333,175.7,66.29,61,70,2.26,NZ,2022-04-09 21:46:34
540,Segou,13.4317,-6.2157,92.89,9,28,9.35,ML,2022-04-09 21:46:34
541,Matay,28.419,30.7792,70.7,38,100,17.85,EG,2022-04-09 21:46:34
542,Liptovsky Mikulas,49.0806,19.6222,34.72,93,97,1.99,SK,2022-04-09 21:46:35
543,Zheleznodorozhnyy,55.7503,38.0042,46.81,92,100,11.27,RU,2022-04-09 21:46:35
544,Malanje,-9.5402,16.341,64.92,98,100,2.33,AO,2022-04-09 21:46:35
545,Marienburg,54.0359,19.0266,39.11,71,80,14.16,PL,2022-04-09 21:46:36
546,Nicolas Bravo,18.45,-88.9167,86.47,34,70,5.99,MX,2022-04-09 21:46:37
547,Mountain Home,43.133,-115.6912,49.48,93,0,20.71,US,2022-04-09 21:47:37
548,Surgut,61.25,73.4167,1.58,84,0,2.24,RU,2022-04-09 21:47:37
549,Issaquah,47.5301,-122.0326,52.05,78,100,5.01,US,2022-04-09 21:45:01
550,Moron,-34.6534,-58.6198,75.09,82,0,5.55,AR,2022-04-09 21:47:38
551,Manokwari,-0.8667,134.0833,79.27,78,100,3.74,ID,2022-04-09 21:47:38
552,Saint-Joseph,-21.3667,55.6167,76.21,83,25,11.88,RE,2022-04-09 21:47:39
553,Hervey Bay,-25.2986,152.8535,75.25,79,84,18.03,AU,2022-04-09 21:47:39
554,Northam,51.0333,-4.2167,39.38,73,84,3.87,GB,2022-04-09 21:47:39
555,Siimusti,58.7277,26.3437,33.58,81,25,9.01,EE,2022-04-09 21:47:40
556,Pravokumskoye,44.7694,44.6472,51.1,74,46,6.11,RU,2022-04-09 21:47:40
557,Ingham,42.6,-84.3833,38.82,68,100,13.8,US,2022-04-09 21:47:40
558,Suez,29.9737,32.5263,63.79,66,99,14.56,EG,2022-04-09 21:47:41
559,Fairbanks,64.8378,-147.7164,17.02,43,20,4.61,US,2022-04-09 21:46:51
560,Naze,28.3667,129.4833,67.12,89,90,8.84,JP,2022-04-09 21:47:42
561,Basco,20.4487,121.9702,77.49,85,38,18.81,PH,2022-04-09 21:47:42
562,Krasnaya Gora,52.9995,31.6023,40.93,94,100,12.77,RU,2022-04-09 21:47:42
563,Pitimbu,-7.4706,-34.8086,81.19,81,96,11.72,BR,2022-04-09 21:47:43
